{"cameraMode":{"drawMode":0,"name":"Shaded","section":"Shading Mode"},"sceneLighting":false,"audioPlay":false,"sceneViewState":{"showFog":true,"showMaterialUpdate":false,"showSkybox":true,"showFlares":true,"showImageEffects":true,"showParticleSystems":true},"in2DMode":false,"pivot":{"x":-1.5888216495513917,"y":13.342720985412598,"z":-3.874772548675537},"rotation":{"x":-0.039970822632312778,"y":0.9468371272087097,"z":-0.2916570007801056,"w":-0.12976162135601045},"size":14.883837699890137,"orthographic":false}